Date,Open,High,Low,Close,Adj Close,Volume,Day
2018-02-20,10.862,10.994,10.838,10.85,10.85,2260500,1
2018-02-21,11.118,11.16,11.054,11.062,11.062,2567000,2
2018-02-22,11.096,11.11,10.958,11.04,11.04,1222500,3
2018-02-23,11.326,11.39,11.22,11.382,11.382,1728000,4
2018-02-26,11.44,11.48,11.384,11.48,11.48,978500,5
2018-02-27,11.49,11.542,11.366,11.372,11.372,1387500,6
2018-02-28,11.444,11.51,11.38,11.41,11.41,795000,7
2018-03-01,11.148,11.292,11,11.06,11.06,1513500,8
2018-03-02,11.25,11.492,11.24,11.488,11.488,1606000,9
2018-03-05,10.92,11.106,10.89,11.096,11.096,1364000,10
2018-03-06,11.256,11.304,11.21,11.304,11.304,856000,11
2018-03-07,11.004,11.094,10.92,11.09,11.09,2398500,12
2018-03-08,11.4,11.408,11.302,11.37,11.37,1260500,13
2018-03-09,11.33,11.47,11.316,11.46,11.46,1327500,14
2018-03-12,11.384,11.446,11.294,11.32,11.32,1931000,15
2018-03-13,11.49,11.49,11.268,11.328,11.328,1091500,16
2018-03-14,11.42,11.42,11.296,11.3,11.3,544500,17
2018-03-15,11.488,11.592,11.48,11.58,11.58,2831500,18
2018-03-16,11.45,11.59,11.45,11.542,11.542,668000,19
2018-03-19,11.31,11.4,11.26,11.28,11.28,3057500,20
2018-03-20,11.264,11.432,11.264,11.41,11.41,983000,21
2018-03-21,11.432,11.464,11.378,11.404,11.404,895500,22
2018-03-22,11.556,11.556,11.292,11.3,11.3,1306500,23
2018-03-23,11.322,11.404,11.236,11.25,11.25,1197000,24
2018-03-26,11.256,11.416,11.206,11.4,11.4,1302500,25
2018-03-27,11.312,11.384,11.024,11.07,11.07,1840000,26
2018-03-28,10.95,11.036,10.842,10.882,10.882,1386000,27
2018-03-29,10.98,11.118,10.942,11.102,11.102,825500,28
2018-04-02,11.196,11.196,10.95,11.022,11.022,2016000,29
2018-04-03,10.892,10.966,10.844,10.958,10.958,892000,30
2018-04-04,10.636,10.736,10.522,10.726,10.726,2395000,31
2018-04-05,10.634,10.69,10.6,10.606,10.606,1559500,32
2018-04-06,10.548,10.598,10.26,10.356,10.356,2647000,33
2018-04-09,10.546,10.7,10.546,10.582,10.582,1290500,34
2018-04-10,10.55,10.566,10.46,10.546,10.546,2725500,35
2018-04-11,10.48,10.504,10.408,10.448,10.448,1338500,36
2018-04-12,10.518,10.572,10.47,10.556,10.556,1296500,37
2018-04-13,10.534,10.58,10.458,10.486,10.486,951500,38
2018-04-16,10.496,10.496,10.33,10.37,10.37,1870000,39
2018-04-17,10.352,10.404,10.302,10.336,10.336,9054000,40
2018-04-18,10.336,10.38,10.3,10.362,10.362,1096000,41
2018-04-19,10.25,10.276,10.154,10.24,10.24,1227000,42
2018-04-20,10.68,10.68,10.544,10.654,10.654,3107000,43
2018-04-23,10.724,10.73,10.61,10.69,10.69,1575500,44
2018-04-24,10.642,10.65,10.336,10.404,10.404,2871500,45
2018-04-25,10.606,10.648,10.48,10.57,10.57,2257000,46
2018-04-26,10.256,10.312,10.14,10.312,10.312,3883000,47
2018-04-27,10.57,10.6,10.464,10.486,10.486,2014000,48
2018-04-30,10.5,10.544,10.476,10.496,10.496,607500,49
2018-05-01,10.5,10.6,10.452,10.6,10.6,1415500,50
2018-05-02,10.424,10.58,10.402,10.404,10.404,1488500,51
2018-05-03,10.43,10.52,10.404,10.514,10.514,837000,52
2018-05-04,10.454,10.684,10.454,10.682,10.682,938500,53
2018-05-07,10.64,10.728,10.618,10.706,10.706,963500,54
2018-05-08,10.79,10.896,10.73,10.884,10.884,2386000,55
2018-05-09,10.574,10.65,10.52,10.63,10.63,2358500,56
2018-05-10,10.358,10.484,10.358,10.43,10.43,2719500,57
2018-05-11,10.52,10.586,10.52,10.53,10.53,1570000,58
2018-05-14,10.51,10.528,10.444,10.452,10.452,866000,59
2018-05-15,10.4,10.452,10.384,10.402,10.402,1018500,60
2018-05-16,10.328,10.452,10.328,10.436,10.436,643000,61
2018-05-17,10.482,10.538,10.464,10.5,10.5,336000,62
2018-05-18,10.328,10.328,10.232,10.234,10.234,2183500,63
2018-05-21,10.028,10.054,9.978,9.982,9.982,1395000,64
2018-05-22,9.996,10.02,9.95,9.952,9.952,1270000,65
2018-05-23,9.804,9.854,9.79,9.84,9.84,1677500,66
2018-05-24,9.68,9.728,9.52,9.584,9.584,3962500,67
2018-05-25,9.658,9.706,9.626,9.648,9.648,1803500,68
2018-05-29,9.63,9.72,9.63,9.68,9.68,1732000,69
2018-05-30,10.222,10.326,10.16,10.268,10.268,2456500,70
2018-05-31,10.264,10.312,10.2,10.208,10.208,1594000,71
2018-06-01,9.886,10.072,9.872,10.01,10.01,3002000,72
2018-06-04,9.376,9.462,9.368,9.41,9.41,4798000,73
2018-06-05,9.342,9.36,9.312,9.354,9.354,2269000,74
2018-06-06,9.006,9.056,8.98,9.018,9.018,3632000,75
2018-06-07,9.314,9.348,9.234,9.262,9.262,2575000,76
2018-06-08,9.422,9.508,9.422,9.504,9.504,1730500,77
2018-06-11,9.5,9.586,9.442,9.526,9.526,1885000,78
2018-06-12,9.51,9.728,9.406,9.416,9.416,4250500,79
2018-06-13,8.834,8.886,8.81,8.866,8.866,4400000,80
2018-06-14,8.564,8.588,8.484,8.512,8.512,4810000,81
2018-06-15,8.524,8.608,8.518,8.598,8.598,5536500,82
2018-06-18,8.362,8.37,8.248,8.33,8.33,4614500,83
2018-06-19,8.112,8.206,8.112,8.176,8.176,3224000,84
2018-06-20,8.354,8.406,8.306,8.35,8.35,3649000,85
2018-06-21,8.302,8.358,8.25,8.252,8.252,1423000,86
2018-06-22,8.398,8.398,8.278,8.288,8.288,843500,87
2018-06-25,8.28,8.28,8.106,8.142,8.142,1165500,88
2018-06-26,8.16,8.236,8.156,8.196,8.196,851500,89
2018-06-27,8.106,8.112,7.98,7.986,7.986,2391000,90
2018-06-28,8.124,8.21,8.106,8.204,8.204,1832000,91
2018-06-29,8.17,8.228,8.14,8.158,8.158,2693000,92
2018-07-02,8.044,8.08,8.006,8.052,8.052,1358500,93
2018-07-03,8.198,8.23,8.152,8.152,8.152,775000,94
2018-07-05,7.88,7.97,7.838,7.914,7.914,1928000,95
2018-07-06,7.86,7.88,7.812,7.874,7.874,2274000,96
2018-07-09,8.106,8.2,8.07,8.188,8.188,1626000,97
2018-07-10,7.998,8.024,7.938,8.002,8.002,1223000,98
2018-07-11,8,8,7.922,7.938,7.938,1150500,99
2018-07-12,7.942,8,7.942,7.996,7.996,1089500,100
2018-07-13,8.044,8.122,8.044,8.066,8.066,1048000,101
2018-07-16,8.3,8.416,8.3,8.408,8.408,2672500,102
2018-07-17,8.332,8.36,8.304,8.36,8.36,1669000,103
2018-07-18,8.13,8.186,8.122,8.156,8.156,2596000,104
2018-07-19,8.21,8.33,8.17,8.286,8.286,2835000,105
2018-07-20,8.306,8.336,8.268,8.316,8.316,475000,106
2018-07-23,8.158,8.21,8.158,8.18,8.18,582000,107
2018-07-24,8.296,8.364,8.296,8.32,8.32,1712000,108
2018-07-25,8.35,8.44,8.306,8.43,8.43,914500,109
2018-07-26,8.444,8.49,8.43,8.436,8.436,1049000,110
2018-07-27,8.526,8.536,8.424,8.46,8.46,1024500,111
2018-07-30,8.42,8.47,8.096,8.24,8.24,8712000,112
2018-07-31,8.5,8.59,8.39,8.534,8.534,2839000,113
2018-08-01,8.676,8.76,8.676,8.756,8.756,2042000,114
2018-08-02,8.58,8.63,8.504,8.62,8.62,846500,115
2018-08-03,8.606,8.652,8.526,8.652,8.652,825500,116
2018-08-06,8.262,8.332,8.216,8.328,8.328,2100000,117
2018-08-07,8.396,8.424,8.38,8.398,8.398,1367500,118
2018-08-08,8.388,8.392,8.316,8.316,8.316,2019000,119
2018-08-09,8.402,8.416,8.378,8.382,8.382,1124500,120
2018-08-10,8.214,8.214,8.16,8.182,8.182,1496000,121
2018-08-13,8.052,8.152,8.052,8.106,8.106,1278000,122
2018-08-14,8.076,8.116,8.05,8.064,8.064,1279000,123
2018-08-15,7.856,7.86,7.762,7.784,7.784,2434500,124
2018-08-16,7.81,7.84,7.768,7.814,7.814,1081000,125
2018-08-17,7.9,8.066,7.9,8.052,8.052,823000,126
2018-08-20,8.32,8.364,8.3,8.342,8.342,1123500,127
2018-08-21,8.772,8.772,8.356,8.434,8.434,712500,128
2018-08-22,8.55,8.56,8.5,8.54,8.54,670000,129
2018-08-23,8.47,8.47,8.386,8.416,8.416,1582500,130
2018-08-24,8.522,8.548,8.47,8.54,8.54,647500,131
2018-08-27,8.74,8.77,8.74,8.762,8.762,930000,132
2018-08-28,8.684,8.744,8.684,8.71,8.71,966000,133
2018-08-29,8.814,8.84,8.792,8.818,8.818,1023000,134
2018-08-30,8.892,8.956,8.866,8.948,8.948,2815000,135
2018-08-31,9.002,9.05,8.978,8.99,8.99,1680500,136
2018-09-04,8.936,8.936,8.838,8.864,8.864,1236000,137
2018-09-05,8.818,8.82,8.636,8.678,8.678,3692500,138
2018-09-06,8.62,8.622,8.538,8.61,8.61,1428500,139
2018-09-07,8.624,8.744,8.624,8.696,8.696,1071000,140
2018-09-10,8.736,8.738,8.696,8.71,8.71,263000,141
2018-09-11,8.752,8.828,8.736,8.804,8.804,975500,142
2018-09-12,8.802,8.908,8.79,8.902,8.902,1315500,143
2018-09-13,8.71,8.81,8.706,8.72,8.72,1734000,144
2018-09-14,8.542,8.576,8.452,8.52,8.52,1724500,145
2018-09-17,8.54,8.578,8.516,8.546,8.546,730500,146
2018-09-18,8.704,8.872,8.704,8.824,8.824,2258500,147
2018-09-19,8.9,8.95,8.864,8.928,8.928,1287000,148
2018-09-20,9.322,9.37,9.15,9.23,9.23,4945000,149
2018-09-21,9.278,9.284,9.194,9.242,9.242,1739500,150
2018-09-24,9.278,9.284,9.154,9.166,9.166,1838000,151
2018-09-25,9.26,9.26,9.198,9.224,9.224,1065500,152
2018-09-26,9.09,9.2,9.09,9.144,9.144,696500,153
2018-09-27,9.152,9.152,9.06,9.11,9.11,1082000,154
2018-09-28,9.11,9.14,9.08,9.094,9.094,851000,155
2018-10-01,9.21,9.296,9.21,9.272,9.272,770500,156
2018-10-02,9.262,9.3,9.22,9.264,9.264,634000,157
2018-10-03,9.15,9.15,9.086,9.1,9.1,629000,158
2018-10-04,8.986,9,8.762,8.84,8.84,2136500,159
2018-10-05,9.034,9.078,8.966,9.03,9.03,693500,160
2018-10-08,9,9.046,8.918,8.974,8.974,804500,161
2018-10-09,8.836,8.908,8.8,8.88,8.88,772000,162
2018-10-10,8.8,8.852,8.62,8.63,8.63,1462000,163
2018-10-11,8.522,8.656,8.486,8.558,8.558,2466000,164
2018-10-12,8.752,8.896,8.716,8.82,8.82,2565000,165
2018-10-15,8.792,8.792,8.69,8.72,8.72,1349000,166
2018-10-16,8.81,8.916,8.81,8.912,8.912,1130000,167
2018-10-17,8.86,8.912,8.764,8.82,8.82,744500,168
2018-10-18,8.8,8.858,8.66,8.686,8.686,512000,169
2018-10-19,8.502,8.502,8.344,8.35,8.35,2210500,170
2018-10-22,8.458,8.458,8.364,8.386,8.386,538000,171
2018-10-23,8.27,8.36,8.216,8.33,8.33,874000,172
2018-10-24,8.254,8.254,8.006,8.016,8.016,1329500,173
2018-10-25,7.962,8.082,7.926,8.036,8.036,3442500,174
2018-10-26,7.74,7.824,7.684,7.776,7.776,779500,175
2018-10-29,7.82,7.82,7.51,7.628,7.628,2951500,176
2018-10-30,7.67,7.7,7.352,7.48,7.48,5231500,177
2018-10-31,7.702,7.888,7.636,7.826,7.826,2656000,178
2018-11-01,7.85,7.884,7.764,7.878,7.878,1341000,179
2018-11-02,7.934,7.952,7.78,7.848,7.848,774500,180
2018-11-05,7.752,7.796,7.718,7.742,7.742,1067000,181
2018-11-06,7.744,7.824,7.744,7.78,7.78,774000,182
2018-11-07,7.962,8.074,7.962,8.062,8.062,892000,183
2018-11-08,8.184,8.228,8.148,8.166,8.166,443000,184
2018-11-09,7.97,8.036,7.94,8.02,8.02,5399000,185
2018-11-12,7.956,7.956,7.78,7.782,7.782,1904000,186
2018-11-13,7.734,7.824,7.732,7.746,7.746,1045500,187
2018-11-14,7.822,7.822,7.684,7.734,7.734,982500,188
2018-11-15,7.66,7.75,7.622,7.704,7.704,2120500,189
2018-11-16,7.03,7.26,6.992,7.2,7.2,3058000,190
2018-11-19,7.356,7.356,7.2,7.228,7.228,1865000,191
2018-11-20,6.85,6.88,6.78,6.79,6.79,2822000,192
2018-11-21,6.902,7.006,6.822,6.964,6.964,2727500,193
2018-11-23,6.99,7.028,6.92,7.006,7.006,924000,194
2018-11-26,7.222,7.27,7.188,7.238,7.238,1350500,195
2018-11-27,7.242,7.242,7.162,7.22,7.22,912500,196
2018-11-28,7.42,7.5,7.4,7.5,7.5,2595000,197
2018-11-29,7.664,7.718,7.654,7.676,7.676,1235500,198
2018-11-30,7.59,7.59,7.53,7.574,7.574,1539500,199
2018-12-03,7.7,7.7,7.62,7.68,7.68,1787000,200
2018-12-04,7.348,7.348,7.142,7.144,7.144,5241500,201
2018-12-06,7.06,7.138,6.936,7.12,7.12,3329000,202
2018-12-07,7.276,7.3,7.13,7.178,7.178,1379000,203
2018-12-10,7.238,7.316,7.166,7.26,7.26,2994500,204
2018-12-11,7.338,7.338,7.118,7.172,7.172,3923000,205
2018-12-12,7.2,7.248,7.178,7.18,7.18,5399000,206
2018-12-13,7.18,7.234,7.16,7.194,7.194,1705000,207
2018-12-14,7.01,7.064,7.01,7.026,7.026,1779000,208
2018-12-17,6.974,7.03,6.914,6.946,6.946,2440000,209
2018-12-18,6.92,6.94,6.862,6.898,6.898,1217500,210
2018-12-19,6.694,6.734,6.52,6.552,6.552,3368000,211
2018-12-20,6.726,6.814,6.698,6.784,6.784,3720500,212
2018-12-21,6.492,6.568,6.382,6.382,6.382,2786000,213
2018-12-24,6.41,6.444,6.276,6.306,6.306,1226000,214
2018-12-26,6.404,6.556,6.366,6.54,6.54,2588500,215
2018-12-27,6.512,6.58,6.426,6.58,6.58,1193500,216
2018-12-28,6.63,6.642,6.562,6.592,6.592,1310000,217
2018-12-31,6.66,6.66,6.494,6.62,6.62,1491000,218
2019-01-02,6.546,6.716,6.486,6.706,6.706,1034500,219
2019-01-03,6.668,6.728,6.608,6.65,6.65,1054000,220
2019-01-04,6.522,6.756,6.502,6.73,6.73,2001500,221
2019-01-07,6.784,6.934,6.784,6.882,6.882,1224500,222
2019-01-08,6.988,6.988,6.898,6.948,6.948,1207000,223
2019-01-09,7.06,7.112,7.05,7.1,7.1,1493500,224
2019-01-10,6.914,6.998,6.862,6.978,6.978,1717000,225
2019-01-11,6.97,6.99,6.926,6.968,6.968,724500,226
2019-01-14,6.976,7.17,6.976,7.104,7.104,3169000,227
2019-01-15,7.242,7.368,7.2,7.344,7.344,3480500,228
2019-01-16,7.368,7.404,7.342,7.344,7.344,2530500,229
2019-01-17,7.586,7.672,7.544,7.62,7.62,1465000,230
2019-01-18,7.78,7.868,7.78,7.85,7.85,2098000,231
2019-01-22,7.66,7.722,7.584,7.604,7.604,3001500,232
2019-01-23,7.664,7.738,7.606,7.658,7.658,1455000,233
2019-01-24,7.756,7.762,7.7,7.748,7.748,819000,234
2019-01-25,7.762,7.762,7.726,7.74,7.74,1791500,235
2019-01-28,7.464,7.49,7.328,7.4,7.4,2349000,236
2019-01-29,7.63,7.672,7.618,7.632,7.632,2326500,237
2019-01-30,7.6,7.75,7.6,7.74,7.74,2142000,238
2019-01-31,7.518,7.52,7.354,7.448,7.448,3848000,239
2019-02-01,7.048,7.134,7.04,7.084,7.084,2864000,240
2019-02-04,7.31,7.346,7.154,7.346,7.346,1104000,241
2019-02-05,7.156,7.174,7.118,7.168,7.168,1112500,242
2019-02-06,6.738,6.776,6.704,6.706,6.706,2716500,243
2019-02-07,6.638,6.656,6.586,6.652,6.652,1725500,244
2019-02-08,6.49,6.594,6.49,6.576,6.576,1380000,245
2019-02-11,6.596,6.596,6.404,6.522,6.522,2630000,246
2019-02-12,6.62,6.648,6.616,6.62,6.62,2232000,247
2019-02-13,6.776,6.78,6.732,6.762,6.762,1317000,248
2019-02-14,6.71,6.768,6.652,6.74,6.74,1944500,249
2019-02-15,6.624,6.734,6.624,6.732,6.732,932500,250
2019-02-19,6.626,6.682,6.608,6.672,6.672,1590000,251
2019-02-20,6.66,6.724,6.652,6.67,6.67,2022000,252
2019-02-21,6.738,7.08,6.7,6.988,6.988,8966000,253
2019-02-22,6.966,7.208,6.93,7.108,7.108,9453000,254
2019-02-25,6.982,6.998,6.872,6.88,6.88,8402000,255
2019-02-26,6.874,6.96,6.866,6.954,6.954,3368500,256
2019-02-27,7.11,7.168,7.052,7.116,7.116,4427000,257
2019-02-28,6.88,6.9,6.818,6.85,6.85,4732500,258
2019-03-01,6.926,6.95,6.866,6.934,6.934,2462500,259
2019-03-04,6.81,6.828,6.704,6.742,6.742,3426500,260
2019-03-05,6.796,6.826,6.75,6.81,6.81,1389000,261
2019-03-06,6.91,6.958,6.91,6.93,6.93,744500,262
2019-03-07,6.834,6.834,6.744,6.762,6.762,1333000,263
2019-03-08,6.656,6.686,6.612,6.68,6.68,892500,264
2019-03-11,6.67,6.762,6.63,6.756,6.756,1148500,265
2019-03-12,6.87,6.894,6.82,6.858,6.858,2057000,266
2019-03-13,6.96,6.984,6.906,6.974,6.974,1412000,267
2019-03-14,6.784,6.808,6.78,6.79,6.79,1084500,268
2019-03-15,6.96,6.996,6.94,6.984,6.984,1634500,269
2019-03-18,7.15,7.194,7.14,7.178,7.178,1440000,270
2019-03-19,7.058,7.074,6.952,7.024,7.024,2961500,271
2019-03-20,6.806,6.882,6.798,6.82,6.82,2228000,272
2019-03-21,6.816,6.904,6.812,6.886,6.886,2510000,273
2019-03-22,6.88,6.918,6.802,6.82,6.82,1034500,274
2019-03-25,6.97,7.034,6.94,6.986,6.986,2370500,275
2019-03-26,7.224,7.27,7.2,7.25,7.25,3360000,276
2019-03-27,7.198,7.24,7.156,7.2,7.2,2701000,277
2019-03-28,7.22,7.228,7.168,7.228,7.228,789000,278
2019-03-29,7.16,7.188,7.122,7.174,7.174,1616500,279
2019-04-01,7.216,7.228,7.17,7.224,7.224,1241000,280
2019-04-02,7.218,7.232,7.162,7.192,7.192,695500,281
2019-04-03,7.276,7.348,7.268,7.314,7.314,1474500,282
2019-04-04,7.298,7.298,7.244,7.29,7.29,584500,283
2019-04-05,7.4,7.514,7.374,7.474,7.474,2277500,284
2019-04-08,7.33,7.346,7.29,7.338,7.338,943500,285
2019-04-09,7.39,7.442,7.39,7.416,7.416,1356500,286
2019-04-10,7.416,7.42,7.39,7.406,7.406,1092000,287
2019-04-11,7.346,7.4,7.332,7.35,7.35,634000,288
2019-04-12,7.56,7.606,7.56,7.59,7.59,2068500,289
2019-04-15,7.634,7.64,7.59,7.594,7.594,2320000,290
2019-04-16,7.702,7.738,7.622,7.656,7.656,3234500,291
2019-04-17,7.77,7.8,7.706,7.744,7.744,2023500,292
2019-04-18,8.48,8.836,8.32,8.692,8.692,15535000,293
2019-04-22,8.618,8.618,8.556,8.588,8.588,4700000,294
2019-04-23,8.302,8.306,8.226,8.282,8.282,3816500,295
2019-04-24,8.484,8.55,8.39,8.44,8.44,2949000,296
2019-04-25,8.212,8.25,7.93,8.05,8.05,8888000,297
2019-04-26,8.496,8.618,8.49,8.61,8.61,3371500,298
2019-04-29,8.55,8.676,8.55,8.676,8.676,1074000,299
2019-04-30,8.564,8.642,8.564,8.616,8.616,1084000,300
2019-05-01,8.604,8.668,8.6,8.602,8.602,922000,301
2019-05-02,8.58,8.612,8.53,8.588,8.588,786500,302
2019-05-03,8.588,8.71,8.578,8.708,8.708,1032000,303
2019-05-06,8.492,8.676,8.474,8.672,8.672,1489500,304
2019-05-07,8.398,8.414,8.304,8.348,8.348,2914000,305
2019-05-08,8.32,8.584,8.32,8.492,8.492,3029000,306
2019-05-09,8.372,8.42,8.272,8.404,8.404,3071500,307
2019-05-10,8.35,8.55,8.32,8.526,8.526,2634500,308
2019-05-13,8.436,8.436,8.208,8.268,8.268,4030000,309
2019-05-14,8.414,8.556,8.414,8.528,8.528,1480000,310
2019-05-15,8.478,8.63,8.474,8.612,8.612,1567500,311
2019-05-16,8.34,8.542,8.34,8.48,8.48,2154500,312
2019-05-17,8.506,8.556,8.454,8.48,8.48,1822000,313
2019-05-20,8.554,8.634,8.512,8.554,8.554,1323000,314
2019-05-21,8.604,8.676,8.604,8.638,8.638,1705500,315
2019-05-22,8.596,8.668,8.594,8.65,8.65,2470500,316
2019-05-23,8.66,8.688,8.628,8.684,8.684,3056500,317
2019-05-24,8.906,8.93,8.878,8.922,8.922,2352000,318
2019-05-28,8.88,8.938,8.828,8.828,8.828,919000,319
2019-05-29,8.936,8.936,8.772,8.83,8.83,1190500,320
2019-05-30,8.76,8.77,8.718,8.756,8.756,1000500,321
2019-05-31,8.986,8.986,8.8,8.828,8.828,1555000,322
2019-06-03,8.882,8.932,8.848,8.872,8.872,1415000,323
2019-06-04,8.798,8.87,8.702,8.866,8.866,1102000,324
2019-06-05,8.96,8.96,8.888,8.94,8.94,768500,325
2019-06-06,8.94,8.942,8.87,8.928,8.928,735000,326
2019-06-07,9.064,9.118,9.022,9.068,9.068,3299000,327
2019-06-10,9.13,9.196,9.064,9.078,9.078,3192000,328
2019-06-11,9.088,9.09,8.834,8.858,8.858,3827000,329
2019-06-12,8.72,8.728,8.604,8.62,8.62,2808500,330
2019-06-13,8.612,8.666,8.562,8.612,8.612,1771500,331
2019-06-14,8.65,8.65,8.594,8.63,8.63,748000,332
2019-06-17,8.67,8.67,8.63,8.636,8.636,455500,333
2019-06-18,8.75,8.84,8.75,8.84,8.84,1134000,334
2019-06-19,8.674,8.766,8.674,8.76,8.76,909500,335
2019-06-20,9.02,9.028,8.93,8.992,8.992,990500,336
2019-06-21,8.968,8.968,8.868,8.922,8.922,535000,337
2019-06-24,8.904,8.92,8.854,8.902,8.902,1217000,338
2019-06-25,8.902,8.92,8.81,8.816,8.816,656000,339
2019-06-26,8.906,8.928,8.728,8.8,8.8,2394500,340
2019-06-27,9.03,9.1,9.016,9.092,9.092,1561500,341
2019-06-28,9.128,9.164,9.114,9.154,9.154,1512000,342
2019-07-01,9.3,9.33,9.234,9.258,9.258,2940500,343
2019-07-02,9.254,9.272,9.224,9.246,9.246,556500,344
2019-07-03,9.36,9.424,9.342,9.424,9.424,1624500,345
2019-07-05,9.304,9.4,9.29,9.354,9.354,1437000,346
2019-07-08,9.35,9.412,9.312,9.328,9.328,562000,347
2019-07-09,9.234,9.29,9.234,9.282,9.282,535000,348
2019-07-10,9.408,9.68,9.404,9.6,9.6,4690500,349
2019-07-11,9.66,9.736,9.5,9.662,9.662,3222500,350
2019-07-12,9.664,9.676,9.632,9.646,9.646,1621500,351
2019-07-15,9.652,9.682,9.612,9.622,9.622,970000,352
2019-07-16,9.6,9.622,9.504,9.53,9.53,2451500,353
2019-07-17,9.554,9.554,9.492,9.492,9.492,1061500,354
2019-07-18,9.452,9.596,9.452,9.596,9.596,1045500,355
2019-07-19,9.568,9.568,9.502,9.508,9.508,658500,356
2019-07-22,9.368,9.402,9.324,9.34,9.34,2132500,357
2019-07-23,9.25,9.264,9.21,9.244,9.244,1316000,358
2019-07-24,9.24,9.248,9.178,9.22,9.22,1030000,359
2019-07-25,9.234,9.32,9.148,9.164,9.164,2120500,360
2019-07-26,9.328,9.328,9.212,9.244,9.244,1223500,361
2019-07-29,9.306,9.306,9.222,9.306,9.306,1146000,362
2019-07-30,8.996,9.23,8.974,9.16,9.16,5271500,363
2019-07-31,9.27,9.37,9.23,9.238,9.238,3016000,364
2019-08-01,9.476,9.686,9.46,9.472,9.472,2743500,365
2019-08-02,9.42,9.458,9.252,9.306,9.306,1234000,366
2019-08-05,9.154,9.234,9.024,9.04,9.04,2402500,367
2019-08-06,9.112,9.18,9.082,9.178,9.178,1045500,368
2019-08-07,9.236,9.312,9.114,9.31,9.31,1027500,369
2019-08-08,9.276,9.416,9.25,9.408,9.408,1735000,370
2019-08-09,9.35,9.36,9.256,9.28,9.28,933000,371
2019-08-12,9.336,9.336,9.178,9.204,9.204,763000,372
2019-08-13,9.03,9.24,9.03,9.212,9.212,2721000,373
2019-08-14,9.26,9.318,9.2,9.216,9.216,1826000,374
2019-08-15,9.366,9.4,9.304,9.34,9.34,1405500,375
2019-08-16,9.326,9.418,9.3,9.41,9.41,787500,376
2019-08-19,9.384,9.47,9.384,9.43,9.43,978000,377
2019-08-20,9.366,9.4,9.33,9.346,9.346,564000,378
2019-08-21,9.436,9.524,9.436,9.498,9.498,1762000,379
2019-08-22,9.486,9.486,9.346,9.39,9.39,579000,380
2019-08-23,9.568,9.586,9.41,9.42,9.42,1386000,381
2019-08-26,9.44,9.5,9.434,9.492,9.492,505000,382
2019-08-27,9.496,9.562,9.494,9.55,9.55,1092500,383
2019-08-28,9.522,9.554,9.472,9.526,9.526,639000,384
2019-08-29,9.484,9.556,9.484,9.542,9.542,423500,385
2019-08-30,9.43,9.504,9.422,9.45,9.45,359500,386
2019-09-03,9.566,9.566,9.5,9.562,9.562,880500,387
2019-09-04,9.754,9.76,9.64,9.706,9.706,2481000,388
2019-09-05,9.64,9.642,9.6,9.62,9.62,1472000,389
2019-09-06,9.704,9.704,9.658,9.682,9.682,439000,390
2019-09-09,9.816,9.842,9.77,9.814,9.814,2241000,391
2019-09-10,9.776,9.776,9.646,9.684,9.684,1206000,392
2019-09-11,9.568,9.612,9.51,9.578,9.578,1520500,393
2019-09-12,9.596,9.654,9.588,9.6,9.6,995500,394
2019-09-13,9.604,9.63,9.584,9.624,9.624,733000,395
2019-09-16,9.608,9.654,9.562,9.58,9.58,578500,396
2019-09-17,9.596,9.698,9.596,9.686,9.686,534500,397
2019-09-18,9.824,9.824,9.744,9.822,9.822,1105500,398
2019-09-19,9.86,9.888,9.84,9.848,9.848,1307000,399
2019-09-20,9.876,9.98,9.83,9.852,9.852,2631500,400
2019-09-23,9.84,9.89,9.814,9.88,9.88,1328000,401
2019-09-24,9.782,9.84,9.462,9.52,9.52,3730500,402
2019-09-25,9.452,9.598,9.452,9.518,9.518,3198000,403
2019-09-26,9.49,9.49,9.374,9.456,9.456,1538000,404
2019-09-27,9.424,9.424,9.32,9.32,9.32,1626500,405
2019-09-30,9.294,9.34,9.24,9.32,9.32,872500,406
2019-10-01,9.466,9.468,9.324,9.354,9.354,1334500,407
2019-10-02,9.502,9.528,9.36,9.41,9.41,1387000,408
2019-10-03,9.41,9.49,9.396,9.486,9.486,1316500,409
2019-10-04,9.548,9.606,9.522,9.606,9.606,1304500,410
2019-10-07,9.416,9.478,9.416,9.442,9.442,637500,411
2019-10-08,9.456,9.458,9.336,9.336,9.336,2132500,412
2019-10-09,9.544,9.57,9.536,9.544,9.544,1781000,413
2019-10-10,9.31,9.388,9.31,9.35,9.35,1320000,414
2019-10-11,9.204,9.25,9.204,9.244,9.244,556500,415
2019-10-14,9.24,9.336,9.23,9.234,9.234,1120500,416
2019-10-15,9.256,9.294,9.24,9.252,9.252,2019000,417
2019-10-16,9.246,9.26,9.176,9.186,9.186,1571500,418
2019-10-17,9.02,9.02,8.94,8.962,8.962,3930500,419
2019-10-18,8.944,8.944,8.858,8.888,8.888,897500,420
2019-10-21,8.888,8.902,8.822,8.822,8.822,2322000,421
2019-10-22,8.826,8.876,8.82,8.854,8.854,628500,422
2019-10-23,8.82,8.832,8.778,8.83,8.83,1208000,423
2019-10-24,8.696,8.78,8.682,8.716,8.716,1401000,424
2019-10-25,8.454,8.466,8.412,8.458,8.458,1193000,425
2019-10-28,8.536,8.536,8.504,8.51,8.51,1106500,426
2019-10-29,8.606,8.71,8.588,8.598,8.598,2839500,427
2019-10-30,8.82,8.866,8.776,8.812,8.812,3318500,428
2019-10-31,9.26,9.348,9.104,9.304,9.304,4728000,429
2019-11-01,9.65,9.98,9.65,9.922,9.922,11836500,430
2019-11-04,9.93,9.97,9.88,9.88,9.88,8913500,431
2019-11-05,9.842,9.904,9.824,9.87,9.87,7630000,432
2019-11-06,9.72,9.72,9.626,9.638,9.638,2516000,433
2019-11-07,9.652,9.678,9.632,9.632,9.632,487000,434
2019-11-08,9.67,9.67,9.57,9.594,9.594,316000,435
2019-11-11,9.572,9.624,9.572,9.62,9.62,394500,436
2019-11-12,9.66,9.716,9.66,9.682,9.682,357000,437
2019-11-13,9.63,9.676,9.618,9.63,9.63,499500,438
2019-11-14,9.59,9.628,9.59,9.62,9.62,394000,439
2019-11-15,9.54,9.558,9.476,9.484,9.484,1608000,440
2019-11-18,9.64,9.688,9.6,9.614,9.614,955000,441
2019-11-19,9.708,9.778,9.708,9.754,9.754,1546000,442
2019-11-20,9.812,9.918,9.812,9.908,9.908,8837000,443
2019-11-21,9.842,9.858,9.682,9.736,9.736,6468500,444
2019-11-22,9.492,9.596,9.492,9.596,9.596,1432000,445
2019-11-25,9.666,9.77,9.666,9.768,9.768,1580000,446
2019-11-26,9.75,9.766,9.736,9.748,9.748,776000,447
2019-11-27,9.726,9.764,9.726,9.76,9.76,519500,448
2019-11-29,9.7,9.7,9.65,9.678,9.678,141500,449
2019-12-02,9.876,10.16,9.876,10.008,10.008,1959500,450
2019-12-03,10.11,10.21,10.108,10.186,10.186,1672500,451
2019-12-04,10.13,10.212,10.13,10.146,10.146,1147000,452
2019-12-05,10.06,10.116,9.998,9.998,9.998,1706000,453
2019-12-06,10.066,10.116,10.032,10.11,10.11,437500,454
2019-12-09,10.338,10.378,10.328,10.344,10.344,641000,455
2019-12-10,10.63,10.648,10.56,10.59,10.59,2503000,456
2019-12-11,10.54,10.54,10.466,10.506,10.506,1683000,457
2019-12-12,10.276,10.408,10.276,10.376,10.376,1183000,458
2019-12-13,10.252,10.252,10.17,10.19,10.19,1054500,459
2019-12-16,10.35,10.484,10.35,10.462,10.462,2936500,460
2019-12-17,10.44,10.44,10.362,10.39,10.39,2804500,461
2019-12-18,10.2,10.2,10.12,10.186,10.186,605500,462
2019-12-19,10.046,10.046,9.93,9.93,9.93,1412500,463
2019-12-20,9.84,9.9,9.836,9.896,9.896,1319500,464
2019-12-23,9.908,9.934,9.88,9.928,9.928,601000,465
2019-12-24,9.88,9.934,9.88,9.91,9.91,318500,466
2019-12-26,9.89,9.98,9.89,9.98,9.98,548500,467
2019-12-27,9.984,10.024,9.984,10,10,1170500,468
2019-12-30,9.986,10.05,9.94,9.94,9.94,1170500,469
2019-12-31,9.972,9.986,9.95,9.98,9.98,547500,470
2020-01-02,10.136,10.164,10.09,10.138,10.138,1180500,471
2020-01-03,9.946,10.1,9.946,10.05,10.05,506000,472
2020-01-06,9.88,9.936,9.824,9.91,9.91,1162500,473
2020-01-07,9.88,9.902,9.81,9.832,9.832,1096500,474
2020-01-08,9.82,9.95,9.78,9.922,9.922,2783000,475
2020-01-09,9.94,9.948,9.88,9.908,9.908,2596500,476
2020-01-10,9.91,9.91,9.854,9.892,9.892,1036000,477
2020-01-13,9.82,9.92,9.82,9.92,9.92,639000,478
2020-01-14,9.78,9.832,9.78,9.83,9.83,594000,479
2020-01-15,9.812,9.83,9.794,9.802,9.802,436000,480
2020-01-16,9.8,9.804,9.752,9.768,9.768,1199500,481
2020-01-17,9.762,9.762,9.714,9.734,9.734,1492500,482
2020-01-21,9.8,9.85,9.77,9.792,9.792,958500,483
2020-01-22,9.852,9.852,9.8,9.81,9.81,490000,484
2020-01-23,9.85,9.954,9.85,9.952,9.952,526000,485
2020-01-24,9.922,9.992,9.916,9.946,9.946,945000,486
2020-01-27,9.616,9.68,9.616,9.636,9.636,1284000,487
2020-01-28,9.646,9.798,9.646,9.79,9.79,928500,488
2020-01-29,9.778,9.79,9.738,9.76,9.76,752000,489
2020-01-30,9.736,9.758,9.362,9.47,9.47,2372500,490
2020-01-31,9.332,9.336,9.15,9.18,9.18,4826000,491
2020-02-03,9.228,9.228,9.16,9.164,9.164,2226000,492
2020-02-04,9.22,9.284,9.204,9.284,9.284,2166000,493
2020-02-05,9.226,9.28,9.226,9.28,9.28,2425000,494
2020-02-06,9.26,9.3,9.252,9.266,9.266,1834000,495
2020-02-07,9.174,9.276,9.174,9.206,9.206,2522000,496
2020-02-10,9.206,9.28,9.206,9.28,9.28,3653500,497
2020-02-11,9.262,9.366,9.262,9.356,9.356,902500,498
2020-02-12,9.22,9.28,9.22,9.28,9.28,1258000,499
2020-02-13,9.154,9.206,9.098,9.14,9.14,878000,500
2020-02-14,9.03,9.074,9.02,9.044,9.044,2728500,501
2020-02-18,8.992,9.044,8.986,8.998,8.998,1911000,502
2020-02-19,9.06,9.12,9.06,9.09,9.09,1989000,503
2020-02-20,8.904,9.042,8.904,8.966,8.966,874500,504
2020-02-21,8.83,8.95,8.83,8.87,8.87,835000,505
2020-02-24,8.61,8.726,8.61,8.634,8.634,1217500,506
2020-02-25,8.764,8.82,8.654,8.678,8.678,2358000,507
2020-02-26,8.714,8.846,8.714,8.77,8.77,1204500,508
2020-02-27,8.62,8.642,8.5,8.508,8.508,1702500,509
2020-02-28,8.152,8.406,8.152,8.396,8.396,3888000,510
2020-03-02,8.402,8.646,8.402,8.646,8.646,2259500,511
2020-03-03,8.522,8.628,8.436,8.508,8.508,1036500,512
2020-03-04,8.632,8.762,8.632,8.758,8.758,1197500,513
2020-03-05,8.624,8.79,8.624,8.752,8.752,2066500,514
2020-03-06,8.604,8.782,8.604,8.776,8.776,968500,515
2020-03-09,8.44,8.61,8.322,8.48,8.48,2255500,516
2020-03-10,8.616,8.716,8.466,8.698,8.698,2001500,517
2020-03-11,8.452,8.5,8.244,8.306,8.306,1200500,518
2020-03-12,7.9,7.97,7.53,7.784,7.784,4167500,519
2020-03-13,7.892,8.038,7.68,7.94,7.94,1869500,520
2020-03-16,7.54,7.774,7.164,7.592,7.592,2145000,521
2020-03-17,7.986,8.23,7.9,8.204,8.204,2632000,522
2020-03-18,8,8.28,7.998,8.142,8.142,1833000,523
2020-03-19,8.502,9,8.43,8.77,8.77,1835500,524
2020-03-20,8.834,9.036,8.66,8.702,8.702,1443500,525
2020-03-23,8.544,8.758,8.544,8.596,8.596,1488500,526
2020-03-24,9.18,9.18,8.574,8.928,8.928,2518000,527
2020-03-25,8.916,8.916,8.458,8.762,8.762,2179000,528
2020-03-26,8.93,9.184,8.93,9.172,9.172,6165500,529
2020-03-27,8.79,9.306,8.79,9.138,9.138,2746000,530
2020-03-30,9.548,9.67,9.162,9.628,9.628,3060500,531
2020-03-31,9.484,9.75,9.484,9.656,9.656,2230000,532
2020-04-01,9.524,9.808,9.522,9.69,9.69,3479500,533
2020-04-02,9.668,9.768,9.542,9.7,9.7,1677500,534
2020-04-03,9.706,9.706,9.568,9.608,9.608,1886500,535
2020-04-06,9.818,10.038,9.818,10.018,10.018,2363000,536
2020-04-07,10.142,10.218,10,10.016,10.016,2669500,537
2020-04-08,10.016,10.128,9.898,10.104,10.104,2581000,538
2020-04-09,10.08,10.198,10.016,10.098,10.098,2780000,539
2020-04-13,10.13,10.42,10.13,10.36,10.36,1892500,540
2020-04-14,10.566,10.726,10.516,10.604,10.604,3006000,541
2020-04-15,10.756,10.836,10.658,10.818,10.818,2777000,542
2020-04-16,10.826,11.02,10.826,11.02,11.02,2189000,543
2020-04-17,10.64,10.956,10.64,10.726,10.726,2946000,544
2020-04-20,10.57,10.7,10.57,10.58,10.58,1358500,545
2020-04-21,10.56,11.184,10.492,11.024,11.024,6653500,546
2020-04-22,10.968,11.046,10.928,10.97,10.97,2739500,547
2020-04-23,10.84,10.914,10.822,10.836,10.836,2424500,548
2020-04-24,10.874,10.974,10.864,10.966,10.966,2137500,549
2020-04-27,10.978,10.978,10.892,10.93,10.93,1595000,550
2020-04-28,10.88,10.94,10.74,10.762,10.762,1530000,551
2020-04-29,10.828,10.978,10.828,10.85,10.85,1915500,552
2020-04-30,10.436,10.436,10.204,10.288,10.288,2328500,553
2020-05-01,10.364,10.518,10.364,10.472,10.472,1362000,554
2020-05-04,10.332,10.458,10.236,10.454,10.454,728500,555
2020-05-05,10.624,10.624,10.48,10.554,10.554,713000,556
2020-05-06,10.584,10.714,10.532,10.63,10.63,2646000,557
2020-05-07,10.84,10.968,10.75,10.87,10.87,2396500,558
2020-05-08,10.294,10.396,10.272,10.36,10.36,4781000,559
2020-05-11,10.24,10.244,10.134,10.238,10.238,1207000,560
2020-05-12,10.528,10.542,10.356,10.364,10.364,1220000,561
2020-05-13,10.502,10.54,10.352,10.42,10.42,1931000,562
2020-05-14,10.37,10.46,10.318,10.454,10.454,1094500,563
2020-05-15,10.45,10.504,10.416,10.478,10.478,651500,564
2020-05-18,10.418,10.53,10.408,10.522,10.522,1196000,565
2020-05-19,10.22,10.27,10.162,10.22,10.22,1861500,566
2020-05-20,10.268,10.396,10.268,10.33,10.33,1361500,567
2020-05-21,10.374,10.476,10.36,10.396,10.396,1104500,568
2020-05-22,10.396,10.45,10.392,10.426,10.426,1383000,569
2020-05-26,10.354,10.354,10.256,10.27,10.27,1339000,570
2020-05-27,10.294,10.294,10.128,10.254,10.254,1542500,571
2020-05-28,10.154,10.354,10.15,10.24,10.24,1967500,572
2020-05-29,10.1,10.25,10.1,10.168,10.168,2201500,573
2020-06-01,10.26,10.374,10.26,10.362,10.362,1049500,574
2020-06-02,10.22,10.262,10.086,10.13,10.13,5859000,575
2020-06-03,10.266,10.32,10.184,10.29,10.29,2258000,576
2020-06-04,10.38,10.456,10.36,10.418,10.418,1999000,577
2020-06-05,10.564,10.616,10.468,10.544,10.544,1947000,578
2020-06-08,10.29,10.37,10.2,10.344,10.344,2117500,579
2020-06-09,10.4,10.47,10.37,10.47,10.47,1021500,580
2020-06-10,10.59,10.59,10.492,10.548,10.548,1141500,581
2020-06-11,10.9,10.94,10.726,10.77,10.77,2150500,582
2020-06-12,11.08,11.138,11.014,11.08,11.08,1176500,583
2020-06-15,11.004,11.058,10.916,10.998,10.998,1309000,584
2020-06-16,11.094,11.14,11.024,11.14,11.14,1328000,585
2020-06-17,11.332,11.58,11.332,11.486,11.486,1711000,586
2020-06-18,11.676,11.79,11.676,11.708,11.708,1470500,587
2020-06-19,11.768,11.782,11.634,11.718,11.718,1883000,588
2020-06-22,11.776,11.776,11.668,11.7,11.7,1549500,589
2020-06-23,11.54,11.578,11.35,11.364,11.364,3955500,590
2020-06-24,11.46,11.538,11.232,11.288,11.288,7525000,591
2020-06-25,11.22,11.348,11.022,11.186,11.186,5928000,592
2020-06-26,11.36,11.36,11.2,11.24,11.24,1372000,593
2020-06-29,11.276,11.276,11.134,11.204,11.204,730000,594
2020-06-30,11.052,11.202,11.052,11.18,11.18,541500,595
2020-07-01,11.116,11.222,11.044,11.2,11.2,682000,596
2020-07-02,11.272,11.338,11.246,11.274,11.274,724000,597
2020-07-06,11.612,11.758,11.612,11.756,11.756,1831000,598
2020-07-07,11.916,12,11.868,11.93,11.93,1149000,599
2020-07-08,11.526,11.664,11.524,11.664,11.664,982000,600
2020-07-09,11.498,11.61,11.498,11.58,11.58,840000,601
2020-07-10,11.554,11.554,11.398,11.458,11.458,868000,602
2020-07-13,11.32,11.46,11.32,11.34,11.34,957000,603
2020-07-14,11.22,11.284,11.172,11.278,11.278,1590000,604
2020-07-15,11.5,11.5,11.328,11.362,11.362,741000,605
2020-07-16,11.192,11.248,11.138,11.19,11.19,632500,606
2020-07-17,11.134,11.168,11.11,11.168,11.168,650000,607
2020-07-20,11.098,11.098,10.944,11.054,11.054,1327500,608
2020-07-21,11.15,11.182,11.086,11.098,11.098,748500,609
2020-07-22,11.058,11.154,11.05,11.05,11.05,691500,610
2020-07-23,11.112,11.112,11,11,11,578000,611
2020-07-24,11.06,11.07,11,11.052,11.052,922000,612
2020-07-27,11.108,11.38,11.108,11.32,11.32,511000,613
2020-07-28,11.102,11.324,11.102,11.212,11.212,822500,614
2020-07-29,11.212,11.382,11.212,11.372,11.372,1025500,615
2020-07-30,11.248,11.31,11.14,11.274,11.274,648500,616
2020-07-31,11.08,11.08,10.954,11.002,11.002,742500,617
2020-08-03,11.098,11.206,11,11.192,11.192,1445000,618
2020-08-04,11.178,11.45,11.178,11.41,11.41,3666000,619
2020-08-05,11.66,11.758,11.64,11.748,11.748,3224000,620
2020-08-06,12.38,12.44,11.9,12.264,12.264,5422000,621
2020-08-07,11.92,11.94,11.822,11.826,11.826,2004500,622
2020-08-10,12.04,12.04,11.822,11.85,11.85,1783000,623
2020-08-11,11.86,11.86,11.68,11.69,11.69,1691000,624
2020-08-12,11.894,12.02,11.81,12.014,12.014,2239000,625
2020-08-13,11.808,12.1,11.808,11.99,11.99,751000,626
2020-08-14,11.8,12.09,11.8,11.992,11.992,527000,627
2020-08-17,12.024,12.216,12.024,12.184,12.184,1221500,628
2020-08-18,12.54,12.624,12.54,12.61,12.61,2450000,629
2020-08-19,12.64,12.73,12.58,12.64,12.64,2066500,630
2020-08-20,12.6,12.7,12.582,12.62,12.62,3953000,631
2020-08-21,12.786,12.948,12.786,12.862,12.862,4592500,632
2020-08-24,13.52,13.654,13.52,13.616,13.616,3133500,633
2020-08-25,13.232,13.298,13.14,13.28,13.28,8956500,634
2020-08-26,13.46,13.74,13.46,13.73,13.73,5314000,635
2020-08-27,13.56,13.668,13.422,13.508,13.508,4732500,636
2020-08-28,13.42,13.472,13.37,13.448,13.448,3985000,637
2020-08-31,13.446,13.5,13.39,13.474,13.474,3435000,638
2020-09-01,13.844,14.248,13.57,14.1,14.1,12259500,639
2020-09-02,14.1,14.12,13.906,14.016,14.016,12019500,640
2020-09-03,14.23,14.262,13.854,14.02,14.02,19199500,641
2020-09-04,14.024,14.178,13.914,14.136,14.136,3591000,642
2020-09-08,13.294,13.47,13.204,13.352,13.352,3520000,643
2020-09-09,13.726,13.956,13.226,13.926,13.926,5317000,644
2020-09-10,13.932,13.97,13.778,13.778,13.778,2032000,645
2020-09-11,13.978,14,13.858,13.998,13.998,998000,646
2020-09-14,14.036,14.09,13.992,14.07,14.07,2050000,647
2020-09-15,14.188,14.294,14.18,14.276,14.276,2821500,648
2020-09-16,14.23,14.36,14.23,14.288,14.288,2782000,649
2020-09-17,14.132,14.132,14.02,14.104,14.104,1083500,650
2020-09-18,14.554,14.564,14.21,14.412,14.412,2717000,651
2020-09-21,14.258,14.284,14.062,14.27,14.27,967000,652
2020-09-22,14.396,14.396,14.202,14.3,14.3,660000,653
2020-09-23,14.322,14.38,14.13,14.196,14.196,1632500,654
2020-09-24,14,14.08,13.944,14.04,14.04,1941500,655
2020-09-25,13.976,14.074,13.862,14.068,14.068,956000,656
2020-09-28,14.156,14.24,14.102,14.12,14.12,901000,657
2020-09-29,14.306,14.4,14.306,14.328,14.328,827500,658
2020-09-30,14.124,14.2,14.12,14.18,14.18,1295000,659
2020-10-01,14.232,14.282,14.17,14.26,14.26,639000,660
2020-10-02,13.886,13.938,13.742,13.892,13.892,2979000,661
2020-10-05,13.404,13.932,13.404,13.56,13.56,2339000,662
2020-10-06,13.622,13.758,13.522,13.536,13.536,1577500,663
2020-10-07,13.66,13.73,13.648,13.712,13.712,1206000,664
2020-10-08,13.756,13.88,13.756,13.77,13.77,1112000,665
2020-10-09,13.748,13.776,13.724,13.756,13.756,823000,666
2020-10-12,14.154,14.154,13.86,14.05,14.05,1083000,667
2020-10-13,14.176,14.176,13.962,14.084,14.084,1290000,668
2020-10-14,13.92,14.196,13.92,14.054,14.054,1849000,669
2020-10-15,13.8,13.878,13.77,13.832,13.832,1449000,670
2020-10-16,13.766,13.84,13.74,13.77,13.77,1217000,671
2020-10-19,13.774,13.89,13.736,13.742,13.742,957500,672
2020-10-20,13.682,13.682,13.5,13.588,13.588,1490500,673
2020-10-21,13.422,13.524,13.4,13.42,13.42,1000500,674
2020-10-22,13.46,13.46,13.346,13.398,13.398,1106500,675
2020-10-23,13.134,13.2,13.08,13.12,13.12,1232000,676
2020-10-26,13.1,13.146,13,13.092,13.092,1233000,677
2020-10-27,13.816,13.816,13.6,13.67,13.67,1828500,678
2020-10-28,13.61,13.706,13.514,13.61,13.61,1809500,679
2020-10-29,13.89,13.94,13.67,13.908,13.908,1216500,680
2020-10-30,13.826,13.826,13.54,13.546,13.546,1607500,681
2020-11-02,13.676,13.934,13.676,13.746,13.746,1256500,682
2020-11-03,13.604,14.012,13.604,14.008,14.008,1376500,683
2020-11-04,13.808,13.854,13.604,13.696,13.696,2342000,684
2020-11-05,14.352,14.75,14.3,14.54,14.54,5318500,685
2020-11-06,14.056,14.166,13.996,14.132,14.132,4480000,686
2020-11-09,13.5,13.5,12.9,13.26,13.26,9566000,687
2020-11-10,12.916,12.98,12.762,12.882,12.882,7802000,688
2020-11-11,12.418,12.7,12.322,12.658,12.658,5100000,689
2020-11-12,12.844,12.986,12.616,12.868,12.868,3596000,690
2020-11-13,13.142,13.164,12.89,13.106,13.106,2448500,691
2020-11-16,12.796,12.84,12.7,12.788,12.788,4822500,692
2020-11-17,12.596,12.862,12.54,12.83,12.83,7738000,693
2020-11-18,12.88,12.918,12.8,12.89,12.89,3869500,694
2020-11-19,13.23,13.412,13.004,13.364,13.364,7824000,695
2020-11-20,13.378,13.378,13.15,13.264,13.264,2686500,696
2020-11-23,13.4,13.414,13.188,13.268,13.268,3810500,697
2020-11-24,13.256,13.256,13.122,13.164,13.164,2838000,698
2020-11-25,13.3,13.398,13.19,13.32,13.32,4233500,699
2020-11-27,13.92,14.1,13.92,14,14,1880000,700
2020-11-30,14.532,14.532,14.15,14.19,14.19,3502500,701
2020-12-01,13.722,13.818,13.684,13.768,13.768,2735000,702
2020-12-02,13.756,13.756,13.54,13.676,13.676,1205500,703
2020-12-03,13.55,13.6,13.412,13.566,13.566,1832000,704
2020-12-04,13.67,13.73,13.594,13.68,13.68,1725500,705
2020-12-07,14.048,14.048,13.628,13.842,13.842,1200500,706
2020-12-08,14.038,14.138,14,14.134,14.134,1681500,707
2020-12-09,14.358,14.358,13.93,14.022,14.022,1371000,708
2020-12-10,14.022,14.28,13.912,14.23,14.23,2194000,709
2020-12-11,14.538,14.582,14.386,14.558,14.558,1705000,710
2020-12-14,15.14,15.17,15.02,15.05,15.05,2588500,711
2020-12-15,15.12,15.12,14.816,14.842,14.842,1788500,712
2020-12-16,15.224,15.398,15.186,15.334,15.334,1450500,713
2020-12-17,16.309999,16.51,16.309999,16.43,16.43,3686000,714
2020-12-18,16.278,16.278,16.120001,16.167999,16.167999,1436500,715
2020-12-21,15.462,15.832,15.42,15.786,15.786,2289500,716
2020-12-22,15.542,15.676,15.506,15.53,15.53,2147000,717
2020-12-23,15.5,15.676,15.402,15.628,15.628,1051500,718
2020-12-24,15.632,15.752,15.526,15.716,15.716,824500,719
2020-12-28,15.9,16.15,15.9,16.049999,16.049999,3834500,720
2020-12-29,15.976,15.976,15.762,15.932,15.932,2110000,721
2020-12-30,16,16.474001,15.978,16.143999,16.143999,1695500,722
2020-12-31,16.212,16.212,16.063999,16.104,16.104,976000,723
2021-01-04,15.96,16,15.656,15.74,15.74,3369000,724
2021-01-05,15.908,16.176001,15.908,16.176001,16.176001,1448500,725
2021-01-06,15.872,15.872,15.628,15.738,15.738,1900000,726
2021-01-07,15.806,15.842,15.6,15.802,15.802,2363000,727
2021-01-08,15.91,16.09,15.804,16.01,16.01,2465000,728
2021-01-11,15.716,15.976,15.716,15.858,15.858,1436000,729
2021-01-12,16.098,16.098,15.92,16.062,16.062,1507500,730
2021-01-13,15.992,15.992,15.8,15.834,15.834,1996500,731
2021-01-14,15.848,15.914,15.8,15.842,15.842,1413500,732
2021-01-15,15.9,15.9,15.702,15.75,15.75,1855500,733
2021-01-19,15.956,15.956,15.75,15.89,15.89,1659000,734
2021-01-20,15.794,15.8,15.618,15.78,15.78,1774000,735
2021-01-21,15.162,15.24,15.156,15.238,15.238,3631000,736
2021-01-22,15.366,15.498,15.272,15.498,15.498,2515500,737
2021-01-25,15.248,15.254,15.104,15.2,15.2,5881500,738
2021-01-26,15.036,15.094,15.018,15.06,15.06,3349000,739
2021-01-27,15.124,15.17,14.8,14.856,14.856,2362500,740
2021-01-28,14.8,15.032,14.756,14.976,14.976,1819000,741
2021-01-29,14.842,14.842,14.4,14.454,14.454,2473500,742
2021-02-01,15.21,15.634,15.15,15.48,15.48,3334500,743
2021-02-02,14.942,15.092,14.856,15.092,15.092,8896000,744
2021-02-03,14.984,14.984,14.8,14.8,14.8,3886000,745
2021-02-04,14.68,14.708,14.542,14.626,14.626,2256000,746
2021-02-05,14.98,15.15,14.98,15.042,15.042,1539000,747
2021-02-08,15.2,15.2,15.1,15.1,15.1,1826500,748
2021-02-09,14.95,14.95,14.774,14.832,14.832,3118000,749
2021-02-10,15.4,15.438,15.206,15.38,15.38,2717000,750
2021-02-11,15.422,15.59,15.38,15.462,15.462,1646500,751
2021-02-12,15.77,15.934,15.77,15.922,15.922,2005500,752
2021-02-16,16.282,16.4,16.004,16.32,16.32,3033500,753
2021-02-17,16.296,16.316,16.014,16.25,16.25,3536500,754
2021-02-18,16.219999,16.243999,15.992,16.190001,16.190001,1796500,755
2021-02-19,16.266001,16.299999,16.200001,16.274,16.274,1637500,756
2021-02-22,16.110001,16.176001,15.858,15.9,15.9,1550000,757
2021-02-23,15.72,15.894,15,15.884,15.884,2596500,758
2021-02-24,15.568,15.846,15.568,15.79,15.79,1986500,759
2021-02-25,15.952,16.125999,15.72,15.762,15.762,3932500,760
2021-02-26,15.206,15.58,15.206,15.424,15.424,3032000,761
2021-03-01,15.374,15.478,15.35,15.478,15.478,2973000,762
2021-03-02,15.178,15.25,15.062,15.08,15.08,2972000,763
2021-03-03,14.74,14.8,14.516,14.578,14.578,3116500,764
2021-03-04,14.234,14.29,13.862,14.024,14.024,3852000,765
2021-03-05,14.5,14.5,14.002,14.366,14.366,3909000,766
2021-03-08,13.81,13.88,13.626,13.718,13.718,5579500,767
2021-03-09,13.72,13.898,13.638,13.82,13.82,3492000,768
2021-03-10,13.8,13.996,13.688,13.698,13.698,3653000,769
2021-03-11,13.816,14.136,13.8,13.878,13.878,3866000,770
2021-03-12,13.852,13.886,13.76,13.84,13.84,2004000,771
2021-03-15,14.138,14.248,14.1,14.236,14.236,2547000,772
2021-03-16,14.67,14.78,14.6,14.652,14.652,3274000,773
2021-03-17,14.402,14.7,14.286,14.624,14.624,2190500,774
2021-03-18,14.44,14.466,14.244,14.302,14.302,1827000,775
2021-03-19,14.234,14.416,14.164,14.416,14.416,2694500,776
2021-03-22,14.688,14.726,14.414,14.612,14.612,1539000,777
2021-03-23,14.858,14.858,14.692,14.74,14.74,2207000,778
2021-03-24,14.57,14.676,14.396,14.402,14.402,2527000,779
2021-03-25,14.316,14.316,14.12,14.228,14.228,2678000,780
2021-03-26,14.67,14.7,14.416,14.624,14.624,1737000,781
2021-03-29,14.6,14.624,14.336,14.56,14.56,1712000,782
2021-03-30,14.3,14.536,14.276,14.48,14.48,1211500,783
2021-03-31,14.136,14.224,14.006,14.16,14.16,2850000,784
2021-04-01,14.208,14.46,14.208,14.364,14.364,1889000,785
2021-04-05,14.466,14.466,14.228,14.436,14.436,1039500,786
2021-04-06,14.614,14.614,14.44,14.572,14.572,1469000,787
2021-04-07,14.532,14.6,14.48,14.54,14.54,2093000,788
2021-04-08,14.724,14.99,14.724,14.852,14.852,755500,789
2021-04-09,14.702,14.87,14.662,14.8,14.8,887000,790
2021-04-12,14.502,14.83,14.502,14.828,14.828,889000,791
2021-04-13,15,15.2,14.856,15.18,15.18,1827000,792
2021-04-14,15.058,15.202,14.982,15.016,15.016,1107000,793
2021-04-15,14.884,15.05,14.884,14.988,14.988,1183500,794
2021-04-16,14.95,15.046,14.822,14.97,14.97,1496500,795
2021-04-19,14.652,14.894,14.46,14.604,14.604,1951000,796
2021-04-20,14.698,14.698,14.432,14.476,14.476,2321500,797
2021-04-21,14.45,14.628,14.44,14.612,14.612,989500,798
2021-04-22,14.46,14.548,14.31,14.438,14.438,1362000,799
2021-04-23,14.68,14.68,14.442,14.49,14.49,2999000,800
2021-04-26,14.124,14.29,14.12,14.222,14.222,6111500,801
2021-04-27,14.002,14.208,14.002,14.028,14.028,1470500,802
2021-04-28,14.176,14.418,14.176,14.278,14.278,942000,803
2021-04-29,14.632,14.632,14.036,14.222,14.222,975500,804
2021-04-30,14.15,14.39,14.15,14.378,14.378,1515500,805
2021-05-03,14.464,14.59,14.4,14.496,14.496,2146000,806
2021-05-04,14.4,14.486,14.142,14.21,14.21,2072500,807
2021-05-05,14.3,14.47,14.3,14.46,14.46,2181500,808
2021-05-06,13.616,14.052,13.616,14.002,14.002,3800000,809
2021-05-07,13.876,14.1,13.75,13.798,13.798,6181000,810
2021-05-10,14.202,14.352,14.09,14.13,14.13,5612500,811
2021-05-11,14.24,14.352,14.132,14.31,14.31,5854500,812
2021-05-12,14.108,14.12,13.882,13.904,13.904,1683000,813
2021-05-13,13.86,13.878,13.572,13.72,13.72,7994500,814
2021-05-14,14,14.25,14,14.106,14.106,1918500,815
2021-05-17,14.204,14.382,14.174,14.264,14.264,1740500,816
2021-05-18,14.176,14.266,14.06,14.08,14.08,3242500,817
2021-05-19,14.136,14.36,14.136,14.36,14.36,1964500,818
2021-05-20,14.256,14.49,14.256,14.386,14.386,5358000,819
2021-05-21,14.77,14.81,14.58,14.674,14.674,2528000,820
2021-05-24,14.918,15.04,14.882,15.02,15.02,2657500,821
2021-05-25,15.3,15.342,15.208,15.29,15.29,1570500,822
2021-05-26,15.59,15.59,15.404,15.474,15.474,1087500,823
2021-05-27,15.29,15.35,15.26,15.326,15.326,1328500,824
2021-05-28,15.384,15.528,15.384,15.464,15.464,1156000,825
2021-06-01,15.18,15.398,15.036,15.202,15.202,1492000,826
2021-06-02,15.302,15.384,15.204,15.25,15.25,1171000,827
2021-06-03,15.256,15.448,15.212,15.26,15.26,1557000,828
2021-06-04,15.464,15.61,15.298,15.558,15.558,784000,829
2021-06-07,15.6,15.772,15.6,15.726,15.726,863000,830
2021-06-08,15.778,15.778,15.534,15.6,15.6,1547000,831
2021-06-09,15.292,15.55,15.292,15.34,15.34,912000,832
2021-06-10,15.25,15.428,15.25,15.408,15.408,1015500,833
2021-06-11,15.35,15.414,15.304,15.41,15.41,1077500,834
2021-06-14,14.942,14.942,14.8,14.856,14.856,1448000,835
2021-06-15,14.756,14.8,14.63,14.646,14.646,1639500,836
2021-06-16,14.45,14.45,14.122,14.282,14.282,1597000,837
2021-06-17,14.558,14.842,14.49,14.71,14.71,2400500,838
2021-06-18,14.836,14.836,14.688,14.718,14.718,1398000,839
2021-06-21,14.68,14.85,14.66,14.85,14.85,1276500,840
2021-06-22,14.602,14.774,14.6,14.74,14.74,1059500,841
2021-06-23,14.4,14.54,14.4,14.402,14.402,1012500,842
2021-06-24,14.412,14.668,14.412,14.56,14.56,1052500,843
2021-06-25,14.452,14.554,14.402,14.476,14.476,1278000,844
2021-06-28,14.558,14.78,14.542,14.716,14.716,1796000,845
2021-06-29,14.516,14.674,14.498,14.62,14.62,2051000,846
2021-06-30,14.496,14.608,14.462,14.506,14.506,1016500,847
2021-07-01,14.452,14.574,14.406,14.482,14.482,813000,848
2021-07-02,14.692,14.712,14.584,14.692,14.692,704500,849
2021-07-06,15.044,15.104,15.002,15.058,15.058,1499500,850
2021-07-07,15.034,15.09,14.952,14.962,14.962,2171500,851
2021-07-08,14.522,14.574,14.008,14.25,14.25,1136000,852
2021-07-09,14.292,14.538,14.292,14.538,14.538,1133500,853
2021-07-12,14.346,14.502,14.346,14.42,14.42,794500,854
2021-07-13,14.3,14.378,14.214,14.282,14.282,919500,855
2021-07-14,14.538,14.538,14.288,14.424,14.424,1075000,856
2021-07-15,14.424,14.426,14.176,14.23,14.23,3065500,857
2021-07-16,14.1,14.23,14.1,14.11,14.11,1159000,858
2021-07-19,13.872,13.994,13.72,13.8,13.8,5535500,859
2021-07-20,13.748,13.748,13.622,13.71,13.71,13523000,860
2021-07-21,13.638,13.74,13.51,13.74,13.74,4378000,861
2021-07-22,13.84,13.84,13.664,13.678,13.678,2455000,862
2021-07-23,13.686,13.798,13.664,13.726,13.726,3072000,863
2021-07-26,13.6,13.666,13.53,13.598,13.598,2867500,864
2021-07-27,13.64,13.784,13.46,13.578,13.578,2050500,865
2021-07-28,13.45,13.57,13.402,13.57,13.57,2081000,866
2021-07-29,13.45,13.45,13.302,13.312,13.312,2437500,867
2021-07-30,12.9,12.922,12.802,12.85,12.85,2511500,868
2021-08-02,13.024,13.098,12.984,13.018,13.018,1820000,869
2021-08-03,12.892,13.05,12.892,12.968,12.968,1878500,870
2021-08-04,12.854,12.88,12.606,12.762,12.762,1872000,871
2021-08-05,12.72,12.73,12.332,12.534,12.534,3837500,872
2021-08-06,11.942,12.02,11.822,11.824,11.824,6412500,873
2021-08-09,11.908,11.908,11.784,11.826,11.826,2437000,874
2021-08-10,11.5,11.5,11.344,11.37,11.37,5256000,875
2021-08-11,11.82,11.96,11.788,11.838,11.838,3232500,876
2021-08-12,11.78,11.9,11.71,11.8,11.8,3637000,877
2021-08-13,11.82,11.968,11.82,11.886,11.886,2257500,878
2021-08-16,11.844,11.878,11.77,11.87,11.87,4859500,879
2021-08-17,11.904,11.904,11.758,11.834,11.834,2785500,880
2021-08-18,12.03,12.03,11.804,11.806,11.806,2255500,881
2021-08-19,11.566,11.844,11.566,11.81,11.81,1858500,882
2021-08-20,12.02,12.076,11.934,12.076,12.076,2760500,883
2021-08-23,12.004,12.1,11.96,12.07,12.07,2567500,884
2021-08-24,12.18,12.18,12.1,12.104,12.104,1831000,885
2021-08-25,12.078,12.078,11.954,12.044,12.044,1820500,886
2021-08-26,11.93,11.95,11.85,11.856,11.856,1264000,887
2021-08-27,11.918,11.918,11.68,11.79,11.79,3375500,888
2021-08-30,11.802,11.99,11.802,11.91,11.91,1338500,889
2021-08-31,11.952,12.082,11.952,12.016,12.016,2424000,890
2021-09-01,12.108,12.344,12.108,12.222,12.222,3558000,891
2021-09-02,12.39,12.556,12.364,12.388,12.388,2691000,892
2021-09-03,12.494,12.496,12.24,12.38,12.38,3380500,893
2021-09-07,12.684,12.75,12.52,12.6,12.6,2288000,894
2021-09-08,12.498,12.498,12.31,12.31,12.31,2085000,895
2021-09-09,12.26,12.458,12.26,12.31,12.31,3337500,896
2021-09-10,12.6,12.676,12.4,12.434,12.434,2462000,897
2021-09-13,12.554,12.574,12.482,12.53,12.53,2636000,898
2021-09-14,12.4,12.4,12.25,12.252,12.252,3279000,899
2021-09-15,12.488,12.488,12.16,12.238,12.238,4769000,900
2021-09-16,12.156,12.156,11.926,12.004,12.004,1979000,901
2021-09-17,12.15,12.15,12,12.14,12.14,3217500,902
2021-09-20,11.97,12.122,11.918,11.99,11.99,2430500,903
2021-09-21,12.15,12.15,12.04,12.05,12.05,2301000,904
2021-09-22,12.168,12.264,12.122,12.124,12.124,3606000,905
2021-09-23,12.328,12.328,12.13,12.28,12.28,1792500,906
2021-09-24,12.264,12.264,12.056,12.152,12.152,1412000,907
2021-09-27,12.25,12.258,12.084,12.148,12.148,967000,908
2021-09-28,12.076,12.076,11.61,11.634,11.634,3581000,909
2021-09-29,11.89,11.984,11.8,11.802,11.802,3394000,910
2021-09-30,12.05,12.088,11.76,11.85,11.85,5248500,911
2021-10-01,10.956,11.374,10.956,11.26,11.26,7871000,912
2021-10-04,11.152,11.152,10.9,10.94,10.94,3313500,913
2021-10-05,10.966,11,10.882,10.92,10.92,3419000,914
2021-10-06,11.084,11.18,11.026,11.156,11.156,1658000,915
2021-10-07,11.292,11.38,11.264,11.33,11.33,1368000,916
2021-10-08,11.35,11.362,11.24,11.272,11.272,878000,917
2021-10-11,11.336,11.36,11.192,11.284,11.284,1148500,918
2021-10-12,11.35,11.37,11.236,11.31,11.31,1250500,919
2021-10-13,11.308,11.308,11.22,11.29,11.29,556000,920
2021-10-14,11.498,11.498,11.324,11.394,11.394,1112500,921
2021-10-15,11.264,11.31,11.24,11.258,11.258,2115000,922
2021-10-18,11.214,11.274,11.188,11.24,11.24,3041500,923
2021-10-19,11.308,11.308,11.152,11.21,11.21,2145500,924
2021-10-20,10.998,11,10.93,10.946,10.946,3151000,925
2021-10-21,11.058,11.066,10.882,10.938,10.938,5371000,926
2021-10-22,10.948,11.06,10.938,10.972,10.972,1028000,927
2021-10-25,10.82,10.86,10.724,10.83,10.83,1279000,928
2021-10-26,10.738,10.924,10.71,10.73,10.73,1531000,929
2021-10-27,10.776,10.776,10.678,10.678,10.678,1017000,930
2021-10-28,10.802,10.942,10.8,10.934,10.934,1286000,931
2021-10-29,11.008,11.05,10.986,11.05,11.05,1143000,932
2021-11-01,11.144,11.144,11.006,11.108,11.108,1227500,933
2021-11-02,10.64,10.86,10.64,10.714,10.714,2390500,934
2021-11-03,10.9,10.928,10.59,10.72,10.72,1799500,935
2021-11-04,10.746,10.784,10.61,10.72,10.72,1909500,936
2021-11-05,10.9,11.142,10.9,11.07,11.07,2408000,937
2021-11-08,10.81,11.042,10.802,10.94,10.94,1513500,938
2021-11-09,10.944,10.99,10.91,10.92,10.92,1236500,939
2021-11-10,10.924,11.064,10.846,10.862,10.862,1676500,940
2021-11-11,10.952,11,10.932,11,11,1463500,941
2021-11-12,10.984,11.088,10.984,11.072,11.072,1275000,942
2021-11-15,11.084,11.096,10.978,10.99,10.99,1554500,943
2021-11-16,11.1,11.294,11.1,11.19,11.19,3669000,944
2021-11-17,11.04,11.1,11.002,11.062,11.062,1602000,945
2021-11-18,11.284,11.342,11.25,11.304,11.304,2088000,946
2021-11-19,11.382,11.414,11.304,11.366,11.366,1230500,947
2021-11-22,11.33,11.33,11.102,11.11,11.11,1884000,948
2021-11-23,11.21,11.318,10.97,11.018,11.018,2130500,949
2021-11-24,10.96,10.96,10.884,10.96,10.96,1315000,950
2021-11-26,10.914,10.95,10.84,10.854,10.854,734500,951
2021-11-29,11.376,11.376,11.216,11.342,11.342,2568500,952
2021-11-30,11.188,11.188,10.954,11.016,11.016,2316000,953
2021-12-01,11.2,11.324,11.056,11.066,11.066,1646500,954
2021-12-02,11.362,11.436,11.362,11.4,11.4,1998500,955
2021-12-03,11.218,11.218,11.032,11.16,11.16,2193500,956
2021-12-06,11.17,11.29,11.09,11.194,11.194,3014500,957
2021-12-07,11.574,11.574,11.176,11.55,11.55,3227000,958
2021-12-08,11.622,11.744,11.622,11.72,11.72,1786000,959
2021-12-09,11.85,11.948,11.704,11.73,11.73,1447500,960
2021-12-10,11.84,11.97,11.82,11.88,11.88,1507500,961
2021-12-13,11.802,11.838,11.7,11.7,11.7,1864500,962
2021-12-14,11.64,11.798,11.584,11.636,11.636,1917500,963
2021-12-15,11.736,11.796,11.602,11.784,11.784,1791000,964
2021-12-16,11.97,11.996,11.75,11.804,11.804,1740500,965
2021-12-17,11.716,11.726,11.632,11.642,11.642,1989500,966
2021-12-20,11.704,11.866,11.702,11.848,11.848,2500500,967
2021-12-21,12.152,12.232,12.064,12.19,12.19,2595000,968
2021-12-22,11.898,12.064,11.898,12.022,12.022,1356500,969
2021-12-23,12.098,12.182,12.098,12.182,12.182,1404000,970
2021-12-27,12,12.274,12,12.26,12.26,2470500,971
2021-12-28,11.942,12.05,11.934,11.954,11.954,1528000,972
2021-12-29,11.814,12,11.814,11.898,11.898,798000,973
2021-12-30,11.666,11.742,11.622,11.718,11.718,1750000,974
2021-12-31,11.666,11.724,11.656,11.674,11.674,1247000,975
2022-01-03,11.8,11.98,11.65,11.694,11.694,1986500,976
2022-01-04,11.76,11.76,11.54,11.66,11.66,1287000,977
2022-01-05,11.548,11.55,11.362,11.388,11.388,1127500,978
2022-01-06,11.336,11.592,11.31,11.49,11.49,1696000,979
2022-01-07,11.6,11.634,11.54,11.62,11.62,1455000,980
2022-01-10,11.464,11.698,11.44,11.688,11.688,2455500,981
2022-01-11,11.506,11.856,11.506,11.798,11.798,1047500,982
2022-01-12,11.73,11.73,11.642,11.71,11.71,690000,983
2022-01-13,11.584,11.598,11.426,11.44,11.44,1445500,984
2022-01-14,11.392,11.484,11.392,11.432,11.432,1167000,985
2022-01-18,11.61,11.692,11.574,11.682,11.682,3610000,986
2022-01-19,11.786,11.9,11.644,11.722,11.722,3523000,987
2022-01-20,12.064,12.128,11.856,11.982,11.982,3325500,988
2022-01-21,11.882,12.042,11.864,11.864,11.864,3163500,989
2022-01-24,11.778,11.778,11.488,11.75,11.75,3923000,990
2022-01-25,11.79,11.996,11.584,11.782,11.782,2522000,991
2022-01-26,12.222,12.35,12.11,12.212,12.212,3316500,992
2022-01-27,12.22,12.356,12.218,12.238,12.238,3588500,993
2022-01-28,12.058,12.23,12,12.222,12.222,3951000,994
2022-01-31,12.176,12.284,12.154,12.22,12.22,2925000,995
2022-02-01,12.286,12.4,12.286,12.39,12.39,1189500,996
2022-02-02,12.62,12.638,12.516,12.532,12.532,1139000,997
2022-02-03,12.308,12.578,12.226,12.32,12.32,3557500,998
2022-02-04,12.456,12.618,12.456,12.604,12.604,972000,999
2022-02-07,12.722,12.764,12.666,12.676,12.676,792000,1000
2022-02-08,12.602,12.604,12.448,12.532,12.532,1297000,1001
2022-02-09,12.538,12.664,12.444,12.65,12.65,1201000,1002
2022-02-10,12.34,12.45,12.266,12.31,12.31,2592500,1003
2022-02-11,12.35,12.5,12.3,12.398,12.398,2506000,1004
2022-02-14,12.546,12.546,12.372,12.474,12.474,1102500,1005
2022-02-15,12.448,12.87,12.448,12.828,12.828,2971500,1006
2022-02-16,12.802,12.802,12.634,12.71,12.71,1481500,1007
2022-02-17,12.72,12.754,12.612,12.65,12.65,830500,1008
2022-02-18,12.71,12.896,12.71,12.776,12.776,1261500,1009
2022-02-22,12.718,12.718,12.54,12.62,12.62,1422000,1010
2022-02-23,12.7,12.7,12.454,12.524,12.524,1111500,1011
2022-02-24,12.184,12.474,12.17,12.47,12.47,1925500,1012
2022-02-25,12.372,12.438,12.322,12.438,12.438,1568500,1013
2022-02-28,12.58,12.718,12.578,12.714,12.714,2182500,1014
2022-03-01,12.594,12.634,12.538,12.552,12.552,1903000,1015
2022-03-02,12.614,12.666,12.596,12.662,12.662,1267000,1016
2022-03-03,12.744,12.988,12.7,12.718,12.718,1131000,1017
2022-03-04,12.7,12.916,12.608,12.67,12.67,2577000,1018
2022-03-07,12.42,12.558,12.248,12.316,12.316,1511000,1019
2022-03-08,12.068,12.338,11.988,12.144,12.144,1649000,1020
2022-03-09,12.75,12.75,12.468,12.62,12.62,1913000,1021
2022-03-10,12.43,12.65,12.43,12.504,12.504,647500,1022
2022-03-11,12.538,12.65,12.466,12.496,12.496,499000,1023
2022-03-14,12.278,12.42,12.24,12.254,12.254,1090000,1024
2022-03-15,12.24,12.278,12.162,12.24,12.24,1885500,1025
2022-03-16,12.68,12.9,12.624,12.756,12.756,1538000,1026
2022-03-17,12.962,12.962,12.68,12.858,12.858,800500,1027
2022-03-18,12.812,12.916,12.756,12.912,12.912,1569000,1028
2022-03-21,12.7,12.918,12.7,12.856,12.856,1331000,1029
2022-03-22,12.82,12.924,12.82,12.92,12.92,645500,1030
2022-03-23,13,13.19,13,13.144,13.144,1453500,1031
2022-03-24,13.242,13.272,13.212,13.244,13.244,879500,1032
2022-03-25,13.428,13.6,13.38,13.422,13.422,1957500,1033
2022-03-28,13.204,13.442,13.204,13.432,13.432,2193500,1034
2022-03-29,13.54,13.65,13.304,13.52,13.52,6820500,1035
2022-03-30,12.806,12.986,12.8,12.838,12.838,5020000,1036
2022-03-31,12.78,12.78,12.44,12.582,12.582,737500,1037
2022-04-01,12.88,12.998,12.88,12.968,12.968,1420000,1038
2022-04-04,13,13.136,12.968,13.07,13.07,1013000,1039
2022-04-05,12.98,12.98,12.66,12.668,12.668,1481000,1040
2022-04-06,12.7,12.798,12.7,12.774,12.774,1187500,1041
2022-04-07,12.78,12.908,12.76,12.776,12.776,1285000,1042
2022-04-08,12.848,12.864,12.654,12.844,12.844,1178500,1043
2022-04-11,12.738,12.758,12.672,12.672,12.672,1044000,1044
2022-04-12,12.766,12.844,12.708,12.738,12.738,1330000,1045
2022-04-13,12.82,12.91,12.784,12.9,12.9,1173500,1046
2022-04-14,12.94,12.97,12.672,12.684,12.684,1844500,1047
2022-04-18,12.64,12.64,12.528,12.546,12.546,1377500,1048
2022-04-19,12.56,12.692,12.51,12.654,12.654,1215000,1049
2022-04-20,12.732,12.732,12.446,12.49,12.49,2325500,1050
2022-04-21,12.5,12.646,12.304,12.342,12.342,1668500,1051
2022-04-22,12.322,12.37,12.25,12.262,12.262,1478000,1052
2022-04-25,11.924,12.374,11.924,12.374,12.374,1125000,1053
2022-04-26,12.2,12.2,11.84,11.852,11.852,1047000,1054
2022-04-27,11.97,11.986,11.822,11.896,11.896,969000,1055
2022-04-28,11.8,11.8,11.342,11.5,11.5,2369000,1056
2022-04-29,11.498,11.604,11.388,11.396,11.396,1161500,1057
2022-05-02,11.114,11.36,11.06,11.136,11.136,2965500,1058
2022-05-03,11.004,11.254,11.004,11.19,11.19,1510000,1059
2022-05-04,11.4,11.416,11.146,11.408,11.408,1295000,1060
2022-05-05,11.42,11.42,10.986,11.08,11.08,4298000,1061
2022-05-06,10.95,11.088,10.88,10.998,10.998,2323500,1062
2022-05-09,10.576,10.8,10.576,10.632,10.632,2535000,1063
2022-05-10,11.082,11.35,10.488,10.84,10.84,5844500,1064
2022-05-11,11.066,11.26,10.98,10.98,10.98,3613000,1065
2022-05-12,10.902,11.224,10.902,11.12,11.12,1671500,1066
2022-05-13,11.056,11.134,11.056,11.114,11.114,1243500,1067
2022-05-16,10.78,11.006,10.78,10.914,10.914,1340000,1068
2022-05-17,11,11.222,11,11.112,11.112,1844500,1069
2022-05-18,11.502,11.594,11.326,11.384,11.384,2150000,1070
2022-05-19,11.396,11.63,11.396,11.52,11.52,2281500,1071
2022-05-20,11.648,11.648,11.42,11.526,11.526,1709500,1072
2022-05-23,11.578,11.774,11.578,11.674,11.674,1604000,1073
2022-05-24,11.674,11.774,11.608,11.68,11.68,3346000,1074
2022-05-25,11.106,11.31,11.106,11.292,11.292,1160500,1075
2022-05-26,11.24,11.4,11.24,11.36,11.36,832500,1076
2022-05-27,11.13,11.242,11.13,11.218,11.218,901000,1077
2022-05-31,11.272,11.272,11.1,11.12,11.12,1201000,1078
2022-06-01,11.216,11.328,11.142,11.142,11.142,1940500,1079
2022-06-02,11.012,11.124,11.012,11.112,11.112,2180000,1080
2022-06-03,10.84,11.032,10.84,10.884,10.884,1653000,1081
2022-06-06,11,11.18,10.958,11.044,11.044,1456500,1082
2022-06-07,10.868,11.084,10.868,11.024,11.024,1702500,1083
2022-06-08,10.846,11.062,10.846,10.928,10.928,910500,1084
2022-06-09,11.178,11.184,11.018,11.05,11.05,1226500,1085
2022-06-10,11,11.01,10.8,10.822,10.822,1591000,1086
2022-06-13,10.76,10.76,10.59,10.59,10.59,1651500,1087
2022-06-14,10.65,10.8,10.494,10.582,10.582,2952000,1088
2022-06-15,10.4,10.6,10.4,10.55,10.55,1305000,1089
2022-06-16,10.394,10.516,10.388,10.456,10.456,1297000,1090
2022-06-17,10.498,10.498,10.382,10.43,10.43,1195500,1091
2022-06-21,10.798,10.798,10.444,10.604,10.604,1107000,1092
2022-06-22,10.474,10.674,10.474,10.56,10.56,1089000,1093
2022-06-23,10.45,10.66,10.438,10.644,10.644,1358000,1094
2022-06-24,10.896,10.896,10.672,10.83,10.83,1094500,1095
2022-06-27,10.814,10.814,10.74,10.774,10.774,1393500,1096
2022-06-28,10.852,10.936,10.804,10.83,10.83,975500,1097
2022-06-29,10.96,10.96,10.64,10.798,10.798,701500,1098
2022-06-30,10.56,10.812,10.56,10.764,10.764,1001500,1099
2022-07-01,10.69,10.69,10.442,10.642,10.642,1376000,1100
2022-07-05,10.68,10.896,10.668,10.812,10.812,893000,1101
2022-07-06,11.04,11.04,10.784,10.808,10.808,1171000,1102
2022-07-07,10.694,10.818,10.694,10.814,10.814,1843500,1103
2022-07-08,10.43,10.796,10.43,10.7,10.7,663500,1104
2022-07-11,10.724,10.758,10.708,10.712,10.712,1150000,1105
2022-07-12,10.7,10.948,10.7,10.882,10.882,479000,1106
2022-07-13,10.7,10.94,10.7,10.94,10.94,832500,1107
2022-07-14,10.92,10.92,10.722,10.856,10.856,509000,1108
2022-07-15,10.906,11.248,10.906,11.238,11.238,2085000,1109
2022-07-18,11.2,11.342,11.182,11.27,11.27,1775500,1110
2022-07-19,11.198,11.198,10.986,11.056,11.056,775500,1111
2022-07-20,11.1,11.346,11.1,11.212,11.212,1006000,1112
2022-07-21,11.24,11.24,11.12,11.2,11.2,805000,1113
2022-07-22,11.25,11.334,11.21,11.232,11.232,719500,1114
2022-07-25,11.24,11.24,11.084,11.136,11.136,1216500,1115
2022-07-26,11.096,11.096,10.89,10.89,10.89,1685500,1116
2022-07-27,10.8,11.15,10.8,11.056,11.056,478000,1117
2022-07-28,11.2,11.2,11.07,11.162,11.162,548000,1118
2022-07-29,11.054,11.26,11.054,11.2,11.2,888500,1119
2022-08-01,11.002,11.182,11,11.17,11.17,611000,1120
2022-08-02,11.2,11.2,10.888,10.906,10.906,858500,1121
2022-08-03,10.538,10.538,10.2,10.45,10.45,4409000,1122
2022-08-04,10.598,10.724,10.516,10.724,10.724,974000,1123
2022-08-05,11.1,11.1,10.764,10.812,10.812,1468000,1124
2022-08-08,10.7,10.74,10.562,10.648,10.648,797000,1125
2022-08-09,10.444,10.638,10.444,10.52,10.52,799000,1126
2022-08-10,10.466,10.828,10.466,10.77,10.77,892500,1127
2022-08-11,10.708,10.858,10.708,10.788,10.788,829000,1128
2022-08-12,10.56,10.86,10.56,10.788,10.788,972000,1129
2022-08-15,10.996,10.996,10.748,10.836,10.836,1330000,1130
2022-08-16,10.956,10.956,10.822,10.876,10.876,726000,1131
2022-08-17,11.072,11.144,10.974,11.008,11.008,1939000,1132
2022-08-18,11.164,11.25,11.156,11.222,11.222,1823000,1133
2022-08-19,11.154,11.154,10.854,10.93,10.93,1120500,1134
2022-08-22,10.92,10.954,10.85,10.856,10.856,1069000,1135
2022-08-23,10.976,10.98,10.644,10.862,10.862,1010000,1136
2022-08-24,10.75,10.76,10.55,10.588,10.588,728000,1137
2022-08-25,10.724,10.724,10.564,10.648,10.648,922000,1138
2022-08-26,10.402,10.652,10.402,10.44,10.44,2527500,1139
2022-08-29,10.4,10.424,10.346,10.35,10.35,1350500,1140
2022-08-30,10.398,10.398,10.252,10.286,10.286,1007000,1141
2022-08-31,10.376,10.4,10.202,10.22,10.22,608000,1142
2022-09-01,10.2,10.224,10.14,10.17,10.17,872500,1143
2022-09-02,10.17,10.2,10.054,10.06,10.06,900000,1144
2022-09-06,10.068,10.2,10.006,10.03,10.03,3780000,1145
2022-09-07,10.04,10.06,9.952,10.04,10.04,3389500,1146
2022-09-08,10.352,10.352,10.046,10.12,10.12,1308500,1147
2022-09-09,10.396,10.396,10.168,10.22,10.22,1663000,1148
2022-09-12,10.36,10.46,10.312,10.36,10.36,2204000,1149
2022-09-13,10.82,10.898,10.61,10.612,10.612,2792000,1150
2022-09-14,10.664,10.808,10.664,10.808,10.808,1847000,1151
2022-09-15,10.704,10.898,10.704,10.838,10.838,1219500,1152
2022-09-16,10.5,10.69,10.5,10.666,10.666,769000,1153
2022-09-19,10.508,10.692,10.508,10.69,10.69,989000,1154
2022-09-20,10.89,10.89,10.622,10.67,10.67,2031000,1155
2022-09-21,10.472,10.676,10.472,10.57,10.57,966000,1156
2022-09-22,10.8,10.906,10.702,10.74,10.74,1455000,1157
2022-09-23,10.576,10.66,10.446,10.52,10.52,2296000,1158
2022-09-26,10.348,10.438,10.274,10.304,10.304,1081500,1159
2022-09-27,10.32,10.506,10.32,10.394,10.394,2430500,1160
2022-09-28,10.4,10.45,10.31,10.428,10.428,1207000,1161
2022-09-29,10.3,10.6,10,10.298,10.298,2229500,1162
2022-09-30,10,10.236,9.952,10.194,10.194,2238500,1163
2022-10-03,9.87,10.104,9.84,10.02,10.02,2915500,1164
2022-10-04,10.43,10.9,10.32,10.74,10.74,1336500,1165
2022-10-05,10.39,10.62,10.21,10.39,10.39,1939400,1166
2022-10-06,10.5,10.59,10.1,10.34,10.34,564000,1167
2022-10-07,10.37,10.62,10.16,10.27,10.27,783000,1168
2022-10-10,10.27,10.31,10.17,10.2,10.2,548500,1169
2022-10-11,10.15,10.5,10.11,10.14,10.14,1754000,1170
2022-10-12,10.06,10.22,10.01,10.17,10.17,915300,1171
2022-10-13,10,10.34,10,10.31,10.31,1520300,1172
2022-10-14,10.38,10.4,10.14,10.24,10.24,1334900,1173
2022-10-17,10.25,10.4,10.22,10.25,10.25,1150700,1174
2022-10-18,10.25,10.3,10.1,10.2,10.2,1233800,1175
2022-10-19,10.12,10.24,9.96,9.99,9.99,601800,1176
2022-10-20,10.01,10.4,10.01,10.05,10.05,587900,1177
2022-10-21,10.05,10.27,9.79,10.18,10.18,570000,1178
2022-10-24,10.2,10.25,9.99,10.01,10.01,880300,1179
2022-10-25,9.77,10.14,9.77,10.1,10.1,1240600,1180
2022-10-26,10.1,10.35,10.1,10.29,10.29,610900,1181
2022-10-27,10.15,10.25,10.05,10.07,10.07,689900,1182
2022-10-28,9.91,10.15,9.9,10.07,10.07,984500,1183
2022-10-31,10.1,10.39,10.1,10.12,10.12,891600,1184
2022-11-01,10.21,10.34,10.12,10.15,10.15,1056200,1185
2022-11-02,10.11,10.5,10.01,10.17,10.17,638600,1186
2022-11-03,10.11,10.35,9.86,10.1,10.1,840600,1187
2022-11-04,10.11,10.24,10.05,10.18,10.18,838000,1188
2022-11-07,10.46,10.48,10.39,10.44,10.44,1083900,1189
2022-11-08,10.3,10.3,9.89,9.99,9.99,2754500,1190
2022-11-09,10,10,9.76,9.81,9.81,1258900,1191
2022-11-10,9.99,10.28,9.99,10.26,10.26,3054600,1192
2022-11-11,10.08,10.33,10.08,10.32,10.32,949000,1193
2022-11-14,10,10.24,10,10.14,10.14,3173900,1194
2022-11-15,10.34,10.45,10.27,10.27,10.27,803000,1195
2022-11-16,10.33,10.4,10.27,10.33,10.33,400600,1196
2022-11-17,10.4,10.44,10.27,10.43,10.43,1008900,1197
2022-11-18,10.57,10.6,10.47,10.51,10.51,821700,1198
2022-11-21,10.3,10.52,10.2,10.37,10.37,941000,1199
2022-11-22,10.37,10.5,10.37,10.5,10.5,703900,1200
2022-11-23,10.4,10.66,10.4,10.63,10.63,869700,1201
2022-11-25,10.56,10.68,10.54,10.63,10.63,352800,1202
2022-11-28,10.69,10.69,10.51,10.54,10.54,866000,1203
2022-11-29,10.5,10.61,10.5,10.59,10.59,830500,1204
2022-11-30,10.63,10.85,10.4,10.73,10.73,663700,1205
2022-12-01,10.56,10.7,10.56,10.58,10.58,795200,1206
2022-12-02,10.55,10.62,10.5,10.56,10.56,788600,1207
2022-12-05,10.42,10.55,10.31,10.34,10.34,1147200,1208
2022-12-06,10.41,10.52,10.39,10.43,10.43,868800,1209
2022-12-07,10.37,10.52,10.35,10.51,10.51,913900,1210
2022-12-08,10.44,10.53,10.38,10.44,10.44,966600,1211
2022-12-09,10.45,10.46,10.35,10.39,10.39,668200,1212
2022-12-12,10.38,10.44,10.29,10.34,10.34,1248900,1213
2022-12-13,10.58,10.64,10.39,10.39,10.39,789800,1214
2022-12-14,10.56,10.59,10.42,10.49,10.49,1142100,1215
2022-12-15,10.46,10.46,10.18,10.24,10.24,962900,1216
2022-12-16,10.13,10.19,10,10.14,10.14,2901100,1217
2022-12-19,10.27,10.27,10.13,10.15,10.15,1411700,1218
2022-12-20,10.32,10.46,10.31,10.42,10.42,1084400,1219
2022-12-21,10.54,10.57,10.34,10.44,10.44,677700,1220
2022-12-22,10.68,10.68,10.42,10.49,10.49,982900,1221
2022-12-23,10.5,10.55,10.45,10.52,10.52,801500,1222
2022-12-27,10.52,10.6,10.4,10.41,10.41,850900,1223
2022-12-28,10.48,10.58,10.37,10.37,10.37,935600,1224
2022-12-29,10.5,10.56,10.5,10.53,10.53,684300,1225
2022-12-30,10.4,10.45,10.3,10.42,10.42,862900,1226
2023-01-03,10.42,10.75,10.3,10.5,10.5,1061200,1227
2023-01-04,10.65,10.65,10.34,10.37,10.37,519600,1228
2023-01-05,10.4,10.4,10.26,10.3,10.3,885900,1229
2023-01-06,10.21,10.46,10.2,10.42,10.42,1571900,1230
2023-01-09,10.5,10.68,10.44,10.46,10.46,1464300,1231
2023-01-10,10.41,10.41,10.27,10.35,10.35,849800,1232
2023-01-11,10.26,10.5,10.2,10.24,10.24,1072100,1233
2023-01-12,10.46,10.46,10.25,10.39,10.39,1315700,1234
2023-01-13,10.36,10.49,10.33,10.45,10.45,1097600,1235
2023-01-17,10.63,10.78,10.61,10.76,10.76,2213100,1236
2023-01-18,10.8,10.92,10.75,10.76,10.76,609800,1237
2023-01-19,10.75,10.79,10.63,10.74,10.74,859900,1238
2023-01-20,10.66,10.75,10.56,10.74,10.74,900700,1239
2023-01-23,10.63,10.7,10.57,10.66,10.66,1130200,1240
2023-01-24,10.55,10.67,10.55,10.63,10.63,660400,1241
2023-01-25,10.66,10.74,10.6,10.7,10.7,1061300,1242
2023-01-26,10.81,10.85,10.75,10.83,10.83,676800,1243
2023-01-27,10.85,10.87,10.8,10.85,10.85,636400,1244
2023-01-30,10.8,10.82,10.65,10.73,10.73,992200,1245
2023-01-31,10.8,10.86,10.74,10.77,10.77,629900,1246
2023-02-01,10.69,10.83,10.66,10.82,10.82,416400,1247
2023-02-02,10.88,10.91,10.7,10.79,10.79,944100,1248
2023-02-03,10.73,10.83,10.68,10.75,10.75,713600,1249
2023-02-06,10.73,10.73,10.55,10.58,10.58,790200,1250
2023-02-07,10.13,10.21,10.03,10.18,10.18,2821000,1251
2023-02-08,9.9,9.96,9.81,9.91,9.91,2819300,1252
2023-02-09,10.15,10.15,9.97,9.99,9.99,1454600,1253
2023-02-10,10.18,10.19,10.03,10.07,10.07,922500,1254
2023-02-13,9.84,9.93,9.82,9.93,9.93,1199400,1255
2023-02-14,10.14,10.3,9.9,9.96,9.96,1716100,1256
2023-02-15,9.96,10.15,9.89,9.97,9.97,609800,1257
2023-02-16,10.13,10.2,10.06,10.16,10.16,603100,1258
2023-02-17,10.18,10.24,10.05,10.16,10.16,454400,1259